,GEOID10,OFFENSE_DESCRIPTION,COUNT
0,25025000100,INVESTIGATE PERSON,1
1,25025000100,M/V - LEAVING SCENE - PROPERTY DAMAGE,1
2,25025000100,M/V ACCIDENT - PERSONAL INJURY,1
3,25025000100,M/V ACCIDENT - PROPERTY  DAMAGE,1
4,25025000100,TOWED MOTOR VEHICLE,1
5,25025000201,ASSAULT - AGGRAVATED - BATTERY,1
6,25025000201,ASSAULT SIMPLE - BATTERY,1
7,25025000201,BURGLARY - RESIDENTIAL - FORCE,1
8,25025000201,BURGLARY - RESIDENTIAL - NO FORCE,1
9,25025000201,INTIMIDATING WITNESS,1
10,25025000201,LARCENY THEFT OF MV PARTS & ACCESSORIES,1
11,25025000201,SICK/INJURED/MEDICAL - PERSON,1
12,25025000201,TOWED MOTOR VEHICLE,1
13,25025000201,VAL - VIOLATION OF AUTO LAW - OTHER,1
14,25025000201,VANDALISM,1
15,25025000202,ASSAULT SIMPLE - BATTERY,1
16,25025000202,INVESTIGATE PERSON,1
17,25025000202,LARCENY ALL OTHERS,1
18,25025000202,LARCENY THEFT FROM BUILDING,1
19,25025000202,SICK ASSIST,1
20,25025000202,TOWED MOTOR VEHICLE,2
21,25025000302,ASSAULT SIMPLE - BATTERY,1
22,25025000302,LARCENY ALL OTHERS,1
23,25025000302,SICK/INJURED/MEDICAL - PERSON,1
24,25025000302,SICK/INJURED/MEDICAL - POLICE,1
25,25025000302,TOWED MOTOR VEHICLE,1
26,25025000401,LARCENY ALL OTHERS,1
27,25025000402,PROPERTY - FOUND,1
28,25025000402,TOWED MOTOR VEHICLE,6
29,25025000502,LARCENY SHOPLIFTING,1
30,25025000502,TOWED MOTOR VEHICLE,3
31,25025000503,INVESTIGATE PROPERTY,1
32,25025000504,TOWED MOTOR VEHICLE,2
33,25025000504,VERBAL DISPUTE,1
34,25025000601,ASSAULT - SIMPLE,1
35,25025000601,BURGLARY - RESIDENTIAL,1
36,25025000601,FRAUD - CREDIT CARD / ATM FRAUD,1
37,25025000601,FRAUD - FALSE PRETENSE / SCHEME,2
38,25025000601,INVESTIGATE PERSON,1
39,25025000601,INVESTIGATE PROPERTY,1
40,25025000601,LARCENY THEFT FROM BUILDING,2
41,25025000601,LARCENY THEFT FROM MV - NON-ACCESSORY,1
42,25025000601,LICENSE PREMISE VIOLATION,3
43,25025000601,M/V - LEAVING SCENE - PROPERTY DAMAGE,5
44,25025000601,M/V ACCIDENT - PROPERTY DAMAGE,2
45,25025000601,M/V ACCIDENT - PROPERTY ¬†DAMAGE,1
46,25025000601,MISSING PERSON,1
47,25025000601,PROPERTY - FOUND,2
48,25025000601,PROPERTY - LOST/ MISSING,3
49,25025000601,SICK/INJURED/MEDICAL - POLICE,1
50,25025000601,THREATS TO DO BODILY HARM,1
51,25025000601,TOWED MOTOR VEHICLE,3
52,25025000701,ASSAULT - SIMPLE,1
53,25025000701,TOWED MOTOR VEHICLE,1
54,25025000703,FUGITIVE FROM JUSTICE,1
55,25025000703,INVESTIGATE PERSON,1
56,25025000703,LARCENY THEFT FROM BUILDING,1
57,25025000703,M/V ACCIDENT - PROPERTY DAMAGE,1
58,25025000703,SICK/INJURED/MEDICAL - PERSON,1
59,25025000703,STOLEN PROPERTY - BUYING / RECEIVING / POSSESSING,1
60,25025000703,TOWED MOTOR VEHICLE,1
61,25025000703,VAL - OPERATING AFTER REV/SUSP.,1
62,25025000704,AUTO THEFT,1
63,25025000704,RECOVERED - MV RECOVERED IN BOSTON (STOLEN OUTSIDE BOSTON),1
64,25025000802,ASSAULT SIMPLE - BATTERY,1
65,25025000802,FRAUD - FALSE PRETENSE / SCHEME,1
66,25025000802,HARASSMENT,1
67,25025000802,LARCENY THEFT FROM BUILDING,1
68,25025000802,M/V - LEAVING SCENE - PROPERTY DAMAGE,1
69,25025000802,M/V ACCIDENT - PROPERTY ¬†DAMAGE,1
70,25025000802,TOWED MOTOR VEHICLE,1
71,25025000803,FRAUD - FALSE PRETENSE / SCHEME,1
72,25025010104,INVESTIGATION FOR ANOTHER AGENCY,1
73,25025010104,LARCENY THEFT FROM BUILDING,1
74,25025010104,LARCENY THEFT OF BICYCLE,1
75,25025010104,M/V ACCIDENT - PERSONAL INJURY,1
76,25025010104,ROBBERY - COMMERCIAL,1
77,25025010104,VANDALISM,1
78,25025010203,ASSAULT SIMPLE - BATTERY,1
79,25025010203,DANGEROUS OR HAZARDOUS CONDITION,1
80,25025010203,FRAUD - CREDIT CARD / ATM FRAUD,1
81,25025010203,FRAUD - FALSE PRETENSE / SCHEME,1
82,25025010203,INVESTIGATE PERSON,1
83,25025010203,M/V - LEAVING SCENE - PROPERTY DAMAGE,1
84,25025010203,MISSING PERSON,1
85,25025010203,SERVICE TO OTHER PD INSIDE OF MA.,1
86,25025010203,THREATS TO DO BODILY HARM,2
87,25025010203,TOWED MOTOR VEHICLE,1
88,25025010203,VERBAL DISPUTE,1
89,25025010204,"FIRE REPORT - HOUSE, BUILDING, ETC.",1
90,25025010204,M/V ACCIDENT - PERSONAL INJURY,1
91,25025010204,TOWED MOTOR VEHICLE,2
92,25025010300,TOWED MOTOR VEHICLE,1
93,25025010403,ASSAULT - SIMPLE,1
94,25025010403,"DRUGS - POSS CLASS A - HEROIN, ETC. ",1
95,25025010403,DRUGS - POSS CLASS A - INTENT TO MFR DIST DISP,1
96,25025010403,DRUGS - POSS CLASS B - INTENT TO MFR DIST DISP,2
97,25025010403,FRAUD - CREDIT CARD / ATM FRAUD,1
98,25025010403,INVESTIGATE PERSON,3
99,25025010403,LARCENY ALL OTHERS,1
100,25025010403,M/V - LEAVING SCENE - PROPERTY DAMAGE,1
101,25025010403,M/V ACCIDENT - OTHER,1
102,25025010403,PROPERTY - MISSING,1
103,25025010403,PROPERTY - STOLEN THEN RECOVERED,1
104,25025010403,SICK/INJURED/MEDICAL - PERSON,1
105,25025010403,THREATS TO DO BODILY HARM,1
106,25025010403,TOWED MOTOR VEHICLE,1
107,25025010403,TRESPASSING,1
108,25025010403,VAL - OPERATING WITHOUT LICENSE,1
109,25025010403,VERBAL DISPUTE,1
110,25025010403,WARRANT ARREST,1
111,25025010404,SICK/INJURED/MEDICAL - PERSON,1
112,25025010405,LICENSE PREMISE VIOLATION,1
113,25025010405,M/V - LEAVING SCENE - PROPERTY DAMAGE,1
114,25025010405,M/V ACCIDENT - INVOLVING BICYCLE - NO INJURY,1
115,25025010405,SICK/INJURED/MEDICAL - PERSON,1
116,25025010405,TOWED MOTOR VEHICLE,1
117,25025010408,FUGITIVE FROM JUSTICE,1
118,25025010408,TOWED MOTOR VEHICLE,2
119,25025010500,ASSAULT - SIMPLE,1
120,25025010500,ASSAULT SIMPLE - BATTERY,2
121,25025010500,AUTO THEFT - MOTORCYCLE / SCOOTER,1
122,25025010500,EMBEZZLEMENT,1
123,25025010500,FORGERY / COUNTERFEITING,1
124,25025010500,INVESTIGATE PERSON,3
125,25025010500,INVESTIGATE PROPERTY,1
126,25025010500,LARCENY ALL OTHERS,2
127,25025010500,LARCENY THEFT FROM BUILDING,2
128,25025010500,LARCENY THEFT FROM MV - NON-ACCESSORY,1
129,25025010500,LARCENY THEFT OF BICYCLE,3
130,25025010500,LICENSE PREMISE VIOLATION,1
131,25025010500,M/V ACCIDENT - INVOLVING ¬†BICYCLE - INJURY,1
132,25025010500,M/V ACCIDENT - PERSONAL INJURY,1
133,25025010500,M/V ACCIDENT - PROPERTY ¬†DAMAGE,1
134,25025010500,PROPERTY - FOUND,1
135,25025010500,PROPERTY - LOST,2
136,25025010500,TOWED MOTOR VEHICLE,1
137,25025010500,TRESPASSING,2
138,25025010500,WARRANT ARREST,1
139,25025010600,ASSAULT - AGGRAVATED,1
140,25025010600,ASSAULT - SIMPLE,2
141,25025010600,FRAUD - CREDIT CARD / ATM FRAUD,1
142,25025010600,FRAUD - FALSE PRETENSE / SCHEME,1
143,25025010600,INVESTIGATE PERSON,2
144,25025010600,INVESTIGATE PROPERTY,2
145,25025010600,LARCENY SHOPLIFTING,11
146,25025010600,LARCENY THEFT FROM BUILDING,5
147,25025010600,LARCENY THEFT FROM MV - NON-ACCESSORY,2
148,25025010600,LARCENY THEFT OF BICYCLE,5
149,25025010600,M/V ACCIDENT - PROPERTY DAMAGE,1
150,25025010600,PROPERTY - FOUND,1
151,25025010600,PROPERTY - LOST,1
152,25025010600,PROPERTY - MISSING,2
153,25025010600,SICK/INJURED/MEDICAL - PERSON,5
154,25025010600,THREATS TO DO BODILY HARM,1
155,25025010600,TOWED MOTOR VEHICLE,3
156,25025010600,VAL - VIOLATION OF AUTO LAW,1
157,25025010600,WARRANT ARREST,2
158,25025010701,HARASSMENT,2
159,25025010701,LARCENY ALL OTHERS,1
160,25025010701,LARCENY SHOPLIFTING,5
161,25025010701,M/V - LEAVING SCENE - PROPERTY DAMAGE,1
162,25025010701,TOWED MOTOR VEHICLE,2
163,25025010701,VANDALISM,1
164,25025010702,AFFRAY,1
165,25025010702,ASSAULT - SIMPLE,2
166,25025010702,ASSAULT SIMPLE - BATTERY,3
167,25025010702,AUTO THEFT,1
168,25025010702,FRAUD - CREDIT CARD / ATM FRAUD,1
169,25025010702,FRAUD - FALSE PRETENSE / SCHEME,1
170,25025010702,INVESTIGATE PERSON,5
171,25025010702,INVESTIGATE PROPERTY,2
172,25025010702,LARCENY SHOPLIFTING,9
173,25025010702,LARCENY THEFT FROM BUILDING,1
174,25025010702,LARCENY THEFT OF BICYCLE,2
175,25025010702,M/V - LEAVING SCENE - PROPERTY DAMAGE,3
176,25025010702,MISSING PERSON - LOCATED,1
177,25025010702,PROPERTY - FOUND,1
178,25025010702,PROPERTY - LOST,1
179,25025010702,PROPERTY - LOST THEN LOCATED,1
180,25025010702,PROPERTY - MISSING,1
181,25025010702,SICK/INJURED/MEDICAL - PERSON,2
182,25025010702,STOLEN PROPERTY - BUYING / RECEIVING / POSSESSING,1
183,25025010702,TOWED MOTOR VEHICLE,7
184,25025010702,VANDALISM,1
185,25025010702,WARRANT ARREST,1
186,25025010801,BURGLARY - RESIDENTIAL - NO FORCE,1
187,25025010801,INVESTIGATE PERSON,1
188,25025010801,M/V - LEAVING SCENE - PROPERTY DAMAGE,1
189,25025010801,SICK ASSIST,1
190,25025010801,STOLEN PROPERTY - BUYING / RECEIVING / POSSESSING,1
191,25025010801,TOWED MOTOR VEHICLE,6
192,25025010801,VAL - VIOLATION OF AUTO LAW - OTHER,1
193,25025010801,VANDALISM,1
194,25025010801,WARRANT ARREST,1
195,25025010802,INVESTIGATE PERSON,1
196,25025010802,SICK/INJURED/MEDICAL - PERSON,2
197,25025010802,TOWED MOTOR VEHICLE,2
198,25025020101,INVESTIGATE PROPERTY,1
199,25025020101,LARCENY SHOPLIFTING,1
200,25025020101,M/V - LEAVING SCENE - PROPERTY DAMAGE,1
201,25025020101,M/V ACCIDENT - PROPERTY DAMAGE,1
202,25025020101,SICK/INJURED/MEDICAL - PERSON,1
203,25025020101,TOWED MOTOR VEHICLE,9
204,25025020200,ASSAULT SIMPLE - BATTERY,1
205,25025020200,FRAUD - FALSE PRETENSE / SCHEME,1
206,25025020200,INVESTIGATE PROPERTY,1
207,25025020200,LARCENY SHOPLIFTING,1
208,25025020200,LARCENY THEFT FROM BUILDING,1
209,25025020200,M/V - LEAVING SCENE - PROPERTY DAMAGE,1
210,25025020200,PROPERTY - ACCIDENTAL DAMAGE,1
211,25025020200,PROPERTY - LOST,1
212,25025020200,TOWED MOTOR VEHICLE,8
213,25025020200,VANDALISM,1
214,25025020301,INVESTIGATE PERSON,1
215,25025020301,LARCENY SHOPLIFTING,1
216,25025020301,LARCENY THEFT FROM BUILDING,1
217,25025020301,LARCENY THEFT FROM MV - NON-ACCESSORY,1
218,25025020301,M/V - LEAVING SCENE - PROPERTY DAMAGE,1
219,25025020301,M/V ACCIDENT - INVOLVING BICYCLE - NO INJURY,1
220,25025020301,TRESPASSING,1
221,25025020301,WARRANT ARREST,1
222,25025020302,ASSAULT - SIMPLE,1
223,25025020302,DRUGS - POSSESSION/ SALE/ MANUFACTURING/ USE,1
224,25025020302,FRAUD - FALSE PRETENSE / SCHEME,4
225,25025020302,LARCENY ALL OTHERS,1
226,25025020302,M/V ACCIDENT - OTHER,1
227,25025020302,TOWED MOTOR VEHICLE,2
228,25025020302,VANDALISM,1
229,25025020303,ASSAULT - AGGRAVATED - BATTERY,1
230,25025020303,ASSAULT - SIMPLE,2
231,25025020303,ASSAULT SIMPLE - BATTERY,1
232,25025020303,CRIMINAL HARASSMENT,1
233,25025020303,DANGEROUS OR HAZARDOUS CONDITION,1
234,25025020303,DEATH INVESTIGATION,1
235,25025020303,DISORDERLY CONDUCT,1
236,25025020303,DRUGS - SICK ASSIST - HEROIN,1
237,25025020303,EXTORTION OR BLACKMAIL,1
238,25025020303,FIREARM/WEAPON - FOUND OR CONFISCATED,1
239,25025020303,FORGERY / COUNTERFEITING,2
240,25025020303,FRAUD - CREDIT CARD / ATM FRAUD,2
241,25025020303,FRAUD - FALSE PRETENSE / SCHEME,3
242,25025020303,FRAUD - IMPERSONATION,1
243,25025020303,HARASSMENT,1
244,25025020303,HARBOR INCIDENT / VIOLATION,1
245,25025020303,INVESTIGATE PERSON,2
246,25025020303,INVESTIGATE PROPERTY,15
247,25025020303,LANDLORD - TENANT SERVICE,1
248,25025020303,LARCENY ALL OTHERS,4
249,25025020303,LARCENY SHOPLIFTING,2
250,25025020303,LARCENY THEFT FROM BUILDING,3
251,25025020303,LARCENY THEFT OF MV PARTS & ACCESSORIES,1
252,25025020303,M/V - LEAVING SCENE - PROPERTY DAMAGE,4
253,25025020303,M/V ACCIDENT - INVOLVING PEDESTRIAN - NO INJURY,1
254,25025020303,M/V ACCIDENT - OTHER,2
255,25025020303,M/V ACCIDENT - OTHER CITY VEHICLE,1
256,25025020303,PROPERTY - CONCEALING LEASED,1
257,25025020303,PROPERTY - FOUND,1
258,25025020303,PROPERTY - LOST,2
259,25025020303,PROPERTY - MISSING,1
260,25025020303,ROBBERY - STREET,1
261,25025020303,SERVICE TO OTHER PD INSIDE OF MA.,3
262,25025020303,SICK/INJURED/MEDICAL - PERSON,9
263,25025020303,THREATS TO DO BODILY HARM,2
264,25025020303,TOWED MOTOR VEHICLE,3
265,25025020303,TRESPASSING,1
266,25025020303,VAL - OPERATING AFTER REV/SUSP.,2
267,25025020303,VAL - VIOLATION OF AUTO LAW,2
268,25025020303,VANDALISM,1
269,25025020303,WARRANT ARREST,2
270,25025030100,FRAUD - FALSE PRETENSE / SCHEME,1
271,25025030100,VANDALISM,1
272,25025030200,FRAUD - CREDIT CARD / ATM FRAUD,1
273,25025030200,FRAUD - FALSE PRETENSE / SCHEME,1
274,25025030200,SICK/INJURED/MEDICAL - PERSON,1
275,25025030200,TOWED MOTOR VEHICLE,1
276,25025030300,ASSAULT - AGGRAVATED,1
277,25025030300,ASSAULT - AGGRAVATED - BATTERY,3
278,25025030300,ASSAULT - SIMPLE,1
279,25025030300,ASSAULT SIMPLE - BATTERY,5
280,25025030300,AUTO THEFT,2
281,25025030300,AUTO THEFT - LEASED/RENTED VEHICLE,1
282,25025030300,AUTO THEFT - MOTORCYCLE / SCOOTER,1
283,25025030300,BURGLARY - COMMERICAL - NO FORCE,1
284,25025030300,DANGEROUS OR HAZARDOUS CONDITION,1
285,25025030300,DRUGS - SALE / MANUFACTURING,1
286,25025030300,EVADING FARE,1
287,25025030300,FORGERY / COUNTERFEITING,2
288,25025030300,FRAUD - CREDIT CARD / ATM FRAUD,2
289,25025030300,FRAUD - FALSE PRETENSE / SCHEME,2
290,25025030300,FRAUD - IMPERSONATION,1
291,25025030300,FUGITIVE FROM JUSTICE,2
292,25025030300,HARASSMENT,3
293,25025030300,HARASSMENT/ CRIMINAL HARASSMENT,1
294,25025030300,INVESTIGATE PERSON,7
295,25025030300,INVESTIGATE PROPERTY,7
296,25025030300,LARCENY ALL OTHERS,2
297,25025030300,LARCENY SHOPLIFTING,14
298,25025030300,LARCENY THEFT FROM BUILDING,5
299,25025030300,LARCENY THEFT OF BICYCLE,1
300,25025030300,LICENSE PREMISE VIOLATION,1
301,25025030300,M/V - LEAVING SCENE - PROPERTY DAMAGE,3
302,25025030300,M/V ACCIDENT - INVOLVING BICYCLE - INJURY,1
303,25025030300,M/V ACCIDENT - PERSONAL INJURY,3
304,25025030300,M/V ACCIDENT - POLICE VEHICLE,5
305,25025030300,MISSING PERSON,4
306,25025030300,MISSING PERSON - LOCATED,4
307,25025030300,PROPERTY - FOUND,5
308,25025030300,PROPERTY - LOST,6
309,25025030300,PROPERTY - LOST THEN LOCATED,1
310,25025030300,PROPERTY - LOST/ MISSING,2
311,25025030300,RECOVERED - MV RECOVERED IN BOSTON (STOLEN OUTSIDE BOSTON),1
312,25025030300,SERVICE TO OTHER PD INSIDE OF MA.,2
313,25025030300,SICK ASSIST,3
314,25025030300,SICK/INJURED/MEDICAL - PERSON,11
315,25025030300,SICK/INJURED/MEDICAL - POLICE,6
316,25025030300,SUICIDE / SUICIDE ATTEMPT,1
317,25025030300,THREATS TO DO BODILY HARM,13
318,25025030300,TOWED MOTOR VEHICLE,3
319,25025030300,TRESPASSING,2
320,25025030300,VAL - VIOLATION OF AUTO LAW,1
321,25025030300,VANDALISM,4
322,25025030300,VIOL. OF RESTRAINING ORDER W NO ARREST,1
323,25025030300,VIOLATION - CITY ORDINANCE,1
324,25025030300,WARRANT ARREST,7
325,25025030400,ASSAULT - AGGRAVATED - BATTERY,1
326,25025030400,ASSAULT SIMPLE - BATTERY,1
327,25025030400,DRUGS - SICK ASSIST - OTHER NARCOTIC,1
328,25025030400,INVESTIGATE PERSON,1
329,25025030400,INVESTIGATE PROPERTY,1
330,25025030400,LARCENY THEFT FROM BUILDING,1
331,25025030400,LICENSE PREMISE VIOLATION,1
332,25025030400,M/V - LEAVING SCENE - PROPERTY DAMAGE,1
333,25025030400,PROPERTY - FOUND,1
334,25025030400,SICK/INJURED/MEDICAL - PERSON,1
335,25025030400,TOWED MOTOR VEHICLE,8
336,25025030400,VANDALISM,1
337,25025030500,M/V - LEAVING SCENE - PROPERTY DAMAGE,1
338,25025030500,PROPERTY - ACCIDENTAL DAMAGE,1
339,25025030500,SICK/INJURED/MEDICAL - PERSON,1
340,25025030500,TOWED MOTOR VEHICLE,1
341,25025040100,EMBEZZLEMENT,1
342,25025040100,HARASSMENT,1
343,25025040100,LARCENY ALL OTHERS,1
344,25025040100,SICK/INJURED/MEDICAL - PERSON,1
345,25025040100,TOWED MOTOR VEHICLE,2
346,25025040200,FORGERY / COUNTERFEITING,1
347,25025040200,LARCENY SHOPLIFTING,1
348,25025040200,LARCENY THEFT FROM MV - NON-ACCESSORY,1
349,25025040200,M/V - LEAVING SCENE - PROPERTY DAMAGE,1
350,25025040200,SICK ASSIST,1
351,25025040200,TOWED MOTOR VEHICLE,1
352,25025040300,ASSAULT SIMPLE - BATTERY,1
353,25025040300,INVESTIGATE PROPERTY,1
354,25025040300,M/V - LEAVING SCENE - PROPERTY DAMAGE,1
355,25025040300,M/V ACCIDENT - OTHER,2
356,25025040401,TOWED MOTOR VEHICLE,1
357,25025040600,FRAUD - WIRE,1
358,25025040600,M/V - LEAVING SCENE - PROPERTY DAMAGE,3
359,25025040600,M/V ACCIDENT - PERSONAL INJURY,1
360,25025040600,SICK/INJURED/MEDICAL - POLICE,1
361,25025040600,TOWED MOTOR VEHICLE,2
362,25025040801,SICK/INJURED/MEDICAL - POLICE,1
363,25025050101,DEATH INVESTIGATION,1
364,25025050101,"DRUGS - POSS CLASS A - HEROIN, ETC. ",1
365,25025050101,"DRUGS - POSS CLASS B - COCAINE, ETC.",1
366,25025050101,DRUGS - POSS CLASS B - INTENT TO MFR DIST DISP,1
367,25025050101,Fondling - Indecent Assault,1
368,25025050101,INVESTIGATE PERSON,1
369,25025050101,LARCENY THEFT FROM MV - NON-ACCESSORY,1
370,25025050101,M/V ACCIDENT - OTHER CITY VEHICLE,1
371,25025050101,SEARCH WARRANT,1
372,25025050101,SICK/INJURED/MEDICAL - PERSON,1
373,25025050101,TOWED MOTOR VEHICLE,1
374,25025050101,VERBAL DISPUTE,1
375,25025050200,ASSAULT - AGGRAVATED,1
376,25025050200,ASSAULT - AGGRAVATED - BATTERY,1
377,25025050200,ASSAULT - SIMPLE,3
378,25025050200,ASSAULT SIMPLE - BATTERY,4
379,25025050200,"DRUGS - POSS CLASS B - COCAINE, ETC.",1
380,25025050200,DRUGS - POSS CLASS E,1
381,25025050200,DRUGS - POSSESSION OF DRUG PARAPHANALIA,1
382,25025050200,EVADING FARE,1
383,25025050200,INVESTIGATE PERSON,2
384,25025050200,INVESTIGATE PROPERTY,1
385,25025050200,LARCENY SHOPLIFTING,8
386,25025050200,LICENSE PREMISE VIOLATION,2
387,25025050200,M/V ACCIDENT - PROPERTY  DAMAGE,1
388,25025050200,PROPERTY - FOUND,1
389,25025050200,SERVICE TO OTHER PD INSIDE OF MA.,1
390,25025050200,SICK/INJURED/MEDICAL - PERSON,4
391,25025050200,THREATS TO DO BODILY HARM,1
392,25025050200,TOWED MOTOR VEHICLE,6
393,25025050200,VANDALISM,1
394,25025050200,VERBAL DISPUTE,3
395,25025050300,ASSAULT - AGGRAVATED,2
396,25025050300,ASSAULT - SIMPLE,1
397,25025050300,ASSAULT SIMPLE - BATTERY,1
398,25025050300,DISTURBING THE PEACE,1
399,25025050300,DRUGS - POSS CLASS B - INTENT TO MFR DIST DISP,1
400,25025050300,FRAUD - FALSE PRETENSE / SCHEME,1
401,25025050300,INVESTIGATE PROPERTY,2
402,25025050300,LARCENY SHOPLIFTING,6
403,25025050300,LARCENY THEFT FROM MV - NON-ACCESSORY,1
404,25025050300,M/V - LEAVING SCENE - PERSONAL INJURY,1
405,25025050300,M/V ACCIDENT - PROPERTY  DAMAGE,1
406,25025050300,M/V ACCIDENT INVOLVING PEDESTRIAN - INJURY,1
407,25025050300,PROPERTY - FOUND,1
408,25025050300,ROBBERY - COMMERCIAL,1
409,25025050300,SERVICE TO OTHER PD INSIDE OF MA.,1
410,25025050300,SICK/INJURED/MEDICAL - PERSON,3
411,25025050300,TOWED MOTOR VEHICLE,1
412,25025050300,TRESPASSING,2
413,25025050300,VAL - OPERATING UNREG/UNINS  CAR,1
414,25025050300,WARRANT ARREST,1
415,25025050400,ASSAULT - AGGRAVATED,1
416,25025050400,ASSAULT - AGGRAVATED - BATTERY,1
417,25025050400,ASSAULT - SIMPLE,1
418,25025050400,ASSAULT SIMPLE - BATTERY,2
419,25025050400,FIREARM/WEAPON - FOUND OR CONFISCATED,1
420,25025050400,INVESTIGATE PERSON,1
421,25025050400,M/V ACCIDENT - PROPERTY DAMAGE,1
422,25025050400,M/V ACCIDENT - PROPERTY  DAMAGE,1
423,25025050400,PROPERTY - FOUND,1
424,25025050400,PROPERTY - LOST,1
425,25025050400,ROBBERY - STREET,1
426,25025050400,SICK/INJURED/MEDICAL - PERSON,1
427,25025050400,TOWED MOTOR VEHICLE,2
428,25025050400,VAL - OPERATING WITHOUT LICENSE,1
429,25025050500,INVESTIGATE PERSON,1
430,25025050500,TOWED MOTOR VEHICLE,1
431,25025050600,DANGEROUS OR HAZARDOUS CONDITION,1
432,25025050600,DRUGS - OTHER,2
433,25025050600,DRUGS - POSS CLASS D,1
434,25025050600,FRAUD - IMPERSONATION,1
435,25025050600,HARASSMENT/ CRIMINAL HARASSMENT,1
436,25025050600,INVESTIGATE PROPERTY,1
437,25025050600,LARCENY THEFT FROM BUILDING,2
438,25025050600,M/V - LEAVING SCENE - PROPERTY DAMAGE,1
439,25025050600,M/V ACCIDENT - POLICE VEHICLE,1
440,25025050600,PROPERTY - FOUND,2
441,25025050600,PROPERTY - LOST/ MISSING,2
442,25025050600,RECOVERED - MV RECOVERED IN BOSTON (STOLEN OUTSIDE BOSTON),1
443,25025050600,SERVICE TO OTHER AGENCY,1
444,25025050600,SERVICE TO OTHER PD INSIDE OF MA.,1
445,25025050600,SICK/INJURED/MEDICAL - PERSON,2
446,25025050600,TOWED MOTOR VEHICLE,1
447,25025050600,VAL - OPERATING AFTER REV/SUSP.,1
448,25025050600,VANDALISM,2
449,25025050700,DRUGS - POSS CLASS C - INTENT TO MFR DIST DISP,1
450,25025050700,DRUGS - POSS CLASS E,1
451,25025050700,INVESTIGATE PROPERTY,1
452,25025050700,M/V ACCIDENT - OTHER,1
453,25025050700,SICK/INJURED/MEDICAL - PERSON,1
454,25025050700,TOWED MOTOR VEHICLE,2
455,25025050901,ASSAULT SIMPLE - BATTERY,1
456,25025050901,FRAUD - IMPERSONATION,1
457,25025050901,M/V ACCIDENT - OTHER CITY VEHICLE,1
458,25025050901,M/V ACCIDENT - PROPERTY  DAMAGE,1
459,25025050901,ROBBERY - STREET,1
460,25025050901,SICK ASSIST,1
461,25025050901,TOWED MOTOR VEHICLE,3
462,25025050901,VAL - OPERATING WITHOUT LICENSE,1
463,25025051000,INVESTIGATE PERSON,1
464,25025051000,M/V ACCIDENT - PERSONAL INJURY,1
465,25025051000,M/V ACCIDENT - PROPERTY  DAMAGE,1
466,25025051000,PROPERTY - FOUND,1
467,25025051000,SICK/INJURED/MEDICAL - PERSON,1
468,25025051000,TOWED MOTOR VEHICLE,1
469,25025051000,VERBAL DISPUTE,1
470,25025051101,ASSAULT - AGGRAVATED,1
471,25025051101,ASSAULT - SIMPLE,1
472,25025051101,ASSAULT SIMPLE - BATTERY,1
473,25025051101,AUTO THEFT,1
474,25025051101,DEATH INVESTIGATION,1
475,25025051101,FRAUD - FALSE PRETENSE / SCHEME,1
476,25025051101,HARASSMENT,1
477,25025051101,INVESTIGATE PERSON,3
478,25025051101,LARCENY ALL OTHERS,1
479,25025051101,LARCENY THEFT OF MV PARTS & ACCESSORIES,1
480,25025051101,MISSING PERSON - LOCATED,1
481,25025051101,REPORT AFFECTING OTHER DEPTS.,1
482,25025051101,ROBBERY - STREET,1
483,25025051101,SERVICE TO OTHER PD INSIDE OF MA.,2
484,25025051101,SICK/INJURED/MEDICAL - PERSON,2
485,25025051101,TOWED MOTOR VEHICLE,2
486,25025051101,VANDALISM,3
487,25025051101,VERBAL DISPUTE,2
488,25025051101,WARRANT ARREST,1
489,25025051200,INVESTIGATE PROPERTY,1
490,25025051200,TOWED MOTOR VEHICLE,3
491,25025060101,ANIMAL CONTROL - DOG BITES - ETC.,1
492,25025060101,HARASSMENT,1
493,25025060101,INVESTIGATE PERSON,1
494,25025060101,TOWED MOTOR VEHICLE,1
495,25025060200,TOWED MOTOR VEHICLE,3
496,25025060200,VANDALISM,1
497,25025060301,ASSAULT - AGGRAVATED,1
498,25025060301,FRAUD - IMPERSONATION,1
499,25025060301,LARCENY THEFT FROM BUILDING,2
500,25025060301,M/V - LEAVING SCENE - PROPERTY DAMAGE,1
501,25025060301,M/V ACCIDENT - POLICE VEHICLE,1
502,25025060301,M/V ACCIDENT - PROPERTY ¬†DAMAGE,1
503,25025060301,SICK/INJURED/MEDICAL - POLICE,3
504,25025060301,TOWED MOTOR VEHICLE,2
505,25025060400,PROPERTY - ACCIDENTAL DAMAGE,1
506,25025060400,TOWED MOTOR VEHICLE,3
507,25025060501,M/V ACCIDENT - PROPERTY ¬†DAMAGE,1
508,25025060501,ROBBERY - BANK,1
509,25025060501,SICK/INJURED/MEDICAL - PERSON,1
510,25025060501,THREATS TO DO BODILY HARM,1
511,25025060501,TOWED MOTOR VEHICLE,2
512,25025060501,VAL - VIOLATION OF AUTO LAW - OTHER,1
513,25025060501,WARRANT ARREST,2
514,25025060600,ASSAULT - AGGRAVATED,1
515,25025060600,ASSAULT - SIMPLE,1
516,25025060600,ASSAULT SIMPLE - BATTERY,1
517,25025060600,FRAUD - FALSE PRETENSE / SCHEME,1
518,25025060600,FRAUD - IMPERSONATION,1
519,25025060600,HARASSMENT,1
520,25025060600,INVESTIGATE PERSON,3
521,25025060600,INVESTIGATE PROPERTY,2
522,25025060600,LARCENY ALL OTHERS,1
523,25025060600,LARCENY SHOPLIFTING,2
524,25025060600,LARCENY THEFT FROM BUILDING,2
525,25025060600,LARCENY THEFT FROM MV - NON-ACCESSORY,2
526,25025060600,LICENSE PREMISE VIOLATION,1
527,25025060600,M/V - LEAVING SCENE - PERSONAL INJURY,1
528,25025060600,M/V - LEAVING SCENE - PROPERTY DAMAGE,7
529,25025060600,M/V ACCIDENT - PERSONAL INJURY,1
530,25025060600,M/V ACCIDENT - POLICE VEHICLE,1
531,25025060600,M/V ACCIDENT - PROPERTY ¬†DAMAGE,2
532,25025060600,PROPERTY - LOST THEN LOCATED,1
533,25025060600,SERVICE TO OTHER PD INSIDE OF MA.,7
534,25025060600,SICK ASSIST,1
535,25025060600,SICK/INJURED/MEDICAL - PERSON,2
536,25025060600,THREATS TO DO BODILY HARM,2
537,25025060600,TOWED MOTOR VEHICLE,6
538,25025060600,TRUANCY / RUNAWAY,1
539,25025060600,VANDALISM,1
540,25025060600,WARRANT ARREST - OUTSIDE OF BOSTON WARRANT,1
541,25025060700,INVESTIGATE PERSON,1
542,25025060700,M/V - LEAVING SCENE - PROPERTY DAMAGE,1
543,25025060700,TOWED MOTOR VEHICLE,1
544,25025060800,FRAUD - FALSE PRETENSE / SCHEME,2
545,25025060800,INVESTIGATE PROPERTY,1
546,25025060800,LARCENY THEFT FROM BUILDING,2
547,25025060800,M/V ACCIDENT - OTHER CITY VEHICLE,1
548,25025060800,SICK/INJURED/MEDICAL - PERSON,2
549,25025060800,TOWED MOTOR VEHICLE,7
550,25025061000,ASSAULT SIMPLE - BATTERY,1
551,25025061000,DRUGS - POSSESSION/ SALE/ MANUFACTURING/ USE,1
552,25025061000,INVESTIGATE PERSON,1
553,25025061000,LARCENY THEFT FROM MV - NON-ACCESSORY,1
554,25025061000,PROPERTY - LOST THEN LOCATED,1
555,25025061000,SICK/INJURED/MEDICAL - PERSON,1
556,25025061000,TOWED MOTOR VEHICLE,1
557,25025061000,VAL - VIOLATION OF AUTO LAW,1
558,25025061101,TOWED MOTOR VEHICLE,2
559,25025061200,ASSAULT - AGGRAVATED - BATTERY,1
560,25025061200,ASSAULT SIMPLE - BATTERY,1
561,25025061200,AUTO THEFT,1
562,25025061200,AUTO THEFT - LEASED/RENTED VEHICLE,1
563,25025061200,DEATH INVESTIGATION,1
564,25025061200,DRUGS - OTHER,2
565,25025061200,DRUGS - POSS CLASS A - INTENT TO MFR DIST DISP,1
566,25025061200,DRUGS - SALE / MANUFACTURING,6
567,25025061200,EMBEZZLEMENT,1
568,25025061200,FIREARM/WEAPON - FOUND OR CONFISCATED,1
569,25025061200,FRAUD - FALSE PRETENSE / SCHEME,1
570,25025061200,FRAUD - WIRE,1
571,25025061200,HARASSMENT,1
572,25025061200,HARASSMENT/ CRIMINAL HARASSMENT,1
573,25025061200,INVESTIGATE PERSON,2
574,25025061200,INVESTIGATE PROPERTY,10
575,25025061200,LARCENY THEFT FROM MV - NON-ACCESSORY,1
576,25025061200,LARCENY THEFT OF BICYCLE,1
577,25025061200,M/V - LEAVING SCENE - PROPERTY DAMAGE,7
578,25025061200,M/V ACCIDENT - PROPERTY DAMAGE,2
579,25025061200,MISSING PERSON - LOCATED,1
580,25025061200,OBSCENE MATERIALS - PORNOGRAPHY,1
581,25025061200,PROPERTY - ACCIDENTAL DAMAGE,1
582,25025061200,PROPERTY - FOUND,1
583,25025061200,PROPERTY - LOST,2
584,25025061200,PROPERTY - LOST/ MISSING,1
585,25025061200,ROBBERY - STREET,1
586,25025061200,SERVICE TO OTHER PD INSIDE OF MA.,1
587,25025061200,SERVICE TO OTHER PD OUTSIDE OF MA.,1
588,25025061200,SICK/INJURED/MEDICAL - PERSON,2
589,25025061200,SUDDEN DEATH,1
590,25025061200,THREATS TO DO BODILY HARM,1
591,25025061200,TOWED MOTOR VEHICLE,7
592,25025061200,TRESPASSING,1
593,25025061200,VAL - VIOLATION OF AUTO LAW - OTHER,1
594,25025061200,VERBAL DISPUTE,1
595,25025070101,ASSAULT - AGGRAVATED,6
596,25025070101,ASSAULT - AGGRAVATED - BATTERY,8
597,25025070101,ASSAULT - SIMPLE,9
598,25025070101,ASSAULT SIMPLE - BATTERY,21
599,25025070101,AUTO THEFT,2
600,25025070101,BIOLOGICAL THREATS,1
601,25025070101,BURGLARY - COMMERICAL - ATTEMPT,1
602,25025070101,BURGLARY - COMMERICAL - FORCE,1
603,25025070101,CHILD ENDANGERMENT,1
604,25025070101,DANGEROUS OR HAZARDOUS CONDITION,1
605,25025070101,DEATH INVESTIGATION,1
606,25025070101,DEMONSTRATIONS/RIOT,1
607,25025070101,DISORDERLY CONDUCT,2
608,25025070101,DISTURBING THE PEACE/ DISORDERLY CONDUCT/ GATHERING CAUSING ANNOYANCE/ NOISY PAR,2
609,25025070101,DRUGS - CONSP TO VIOL CONTROLLED SUBSTANCE,1
610,25025070101,"DRUGS - POSS CLASS A - HEROIN, ETC. ",2
611,25025070101,"DRUGS - POSS CLASS B - COCAINE, ETC.",8
612,25025070101,DRUGS - POSS CLASS B - INTENT TO MFR DIST DISP,4
613,25025070101,DRUGS - POSS CLASS C,2
614,25025070101,DRUGS - POSS CLASS D - INTENT TO MFR DIST DISP,2
615,25025070101,DRUGS - POSSESSION/ SALE/ MANUFACTURING/ USE,11
616,25025070101,EMBEZZLEMENT,2
617,25025070101,"FIRE REPORT - HOUSE, BUILDING, ETC.",1
618,25025070101,FORGERY / COUNTERFEITING,4
619,25025070101,FRAUD - CREDIT CARD / ATM FRAUD,3
620,25025070101,FRAUD - FALSE PRETENSE / SCHEME,17
621,25025070101,FRAUD - IMPERSONATION,2
622,25025070101,HARASSMENT,2
623,25025070101,HARASSMENT/ CRIMINAL HARASSMENT,1
624,25025070101,HUMAN TRAFFICKING - INVOLUNTARY SERVITUDE,1
625,25025070101,INVESTIGATE PERSON,16
626,25025070101,INVESTIGATE PROPERTY,7
627,25025070101,LARCENY ALL OTHERS,14
628,25025070101,LARCENY PICK-POCKET,1
629,25025070101,LARCENY SHOPLIFTING,47
630,25025070101,LARCENY THEFT FROM BUILDING,30
631,25025070101,LARCENY THEFT FROM MV - NON-ACCESSORY,3
632,25025070101,LARCENY THEFT OF BICYCLE,5
633,25025070101,LARCENY THEFT OF MV PARTS & ACCESSORIES,1
634,25025070101,LICENSE PREMISE VIOLATION,5
635,25025070101,M/V - LEAVING SCENE - PROPERTY DAMAGE,6
636,25025070101,M/V ACCIDENT - INVOLVING ¬†BICYCLE - INJURY,1
637,25025070101,M/V ACCIDENT - OTHER,3
638,25025070101,M/V ACCIDENT - OTHER CITY VEHICLE,1
639,25025070101,M/V ACCIDENT - POLICE VEHICLE,1
640,25025070101,M/V ACCIDENT - PROPERTY  DAMAGE,1
641,25025070101,M/V ACCIDENT - PROPERTY ¬†DAMAGE,1
642,25025070101,M/V ACCIDENT INVOLVING PEDESTRIAN - INJURY,2
643,25025070101,MISSING PERSON,1
644,25025070101,MISSING PERSON - LOCATED,1
645,25025070101,OTHER OFFENSE,2
646,25025070101,PROPERTY - ACCIDENTAL DAMAGE,1
647,25025070101,PROPERTY - FOUND,4
648,25025070101,PROPERTY - LOST,8
649,25025070101,PROPERTY - LOST/ MISSING,3
650,25025070101,PROPERTY - STOLEN THEN RECOVERED,3
651,25025070101,ROBBERY,2
652,25025070101,ROBBERY - OTHER,1
653,25025070101,ROBBERY - STREET,2
654,25025070101,SEARCH WARRANT,1
655,25025070101,SERVICE TO OTHER AGENCY,1
656,25025070101,SERVICE TO OTHER PD INSIDE OF MA.,10
657,25025070101,SICK ASSIST,5
658,25025070101,SICK ASSIST - DRUG RELATED ILLNESS,1
659,25025070101,SICK/INJURED/MEDICAL - PERSON,23
660,25025070101,SUDDEN DEATH,1
661,25025070101,THREATS TO DO BODILY HARM,14
662,25025070101,TOWED MOTOR VEHICLE,2
663,25025070101,TRESPASSING,22
664,25025070101,VAL - OPERATING AFTER REV/SUSP.,2
665,25025070101,VAL - OPERATING UNREG/UNINS  CAR,1
666,25025070101,VAL - OPERATING WITHOUT LICENSE,3
667,25025070101,VANDALISM,6
668,25025070101,VERBAL DISPUTE,4
669,25025070101,VIOL. OF RESTRAINING ORDER W NO ARREST,2
670,25025070101,VIOLATION - CITY ORDINANCE,6
671,25025070101,WARRANT ARREST,13
672,25025070101,WARRANT ARREST - BOSTON WARRANT (MUST BE SUPPLEMENTAL),1
673,25025070101,WARRANT ARREST - OUTSIDE OF BOSTON WARRANT,1
674,25025070101,"WEAPON - OTHER - CARRYING / POSSESSING, ETC",2
675,25025070200,ASSAULT - SIMPLE,1
676,25025070200,ASSAULT SIMPLE - BATTERY,1
677,25025070200,DEMONSTRATIONS/RIOT,1
678,25025070200,DRUGS - POSS CLASS D,1
679,25025070200,DRUGS - SALE / MANUFACTURING,1
680,25025070200,FRAUD - FALSE PRETENSE / SCHEME,2
681,25025070200,INVESTIGATE PERSON,1
682,25025070200,INVESTIGATE PROPERTY,2
683,25025070200,LARCENY SHOPLIFTING,1
684,25025070200,LARCENY THEFT FROM BUILDING,8
685,25025070200,LARCENY THEFT FROM MV - NON-ACCESSORY,1
686,25025070200,LARCENY THEFT OF MV PARTS & ACCESSORIES,1
687,25025070200,LICENSE PREMISE VIOLATION,2
688,25025070200,M/V - LEAVING SCENE - PERSONAL INJURY,1
689,25025070200,M/V - LEAVING SCENE - PROPERTY DAMAGE,1
690,25025070200,M/V ACCIDENT - OTHER,1
691,25025070200,M/V ACCIDENT - OTHER CITY VEHICLE,1
692,25025070200,M/V ACCIDENT - PROPERTY ¬†DAMAGE,1
693,25025070200,M/V ACCIDENT INVOLVING PEDESTRIAN - INJURY,1
694,25025070200,PROPERTY - FOUND,3
695,25025070200,PROPERTY - LOST,4
696,25025070200,PROPERTY - MISSING,2
697,25025070200,ROBBERY - OTHER,1
698,25025070200,ROBBERY - STREET,1
699,25025070200,SEARCH WARRANT,3
700,25025070200,SICK ASSIST,1
701,25025070200,SICK/INJURED/MEDICAL - PERSON,2
702,25025070200,TOWED MOTOR VEHICLE,1
703,25025070200,VAL - OPERATING UNREG/UNINS ¬†CAR,1
704,25025070200,VIOLATION - CITY ORDINANCE,1
705,25025070300,AUTO THEFT,1
706,25025070300,DEATH INVESTIGATION,2
707,25025070300,"FIRE REPORT - HOUSE, BUILDING, ETC.",1
708,25025070300,FRAUD - WIRE,1
709,25025070300,INVESTIGATE PROPERTY,2
710,25025070300,M/V - LEAVING SCENE - PERSONAL INJURY,1
711,25025070300,PROPERTY - LOST,3
712,25025070300,SERVICE TO OTHER PD INSIDE OF MA.,1
713,25025070300,TOWED MOTOR VEHICLE,2
714,25025070300,VAL - OPERATING AFTER REV/SUSP.,1
715,25025070300,VAL - OPERATING WITHOUT LICENSE,1
716,25025070300,VAL - VIOLATION OF AUTO LAW - OTHER,2
717,25025070300,VANDALISM,2
718,25025070402,LARCENY SHOPLIFTING,2
719,25025070402,M/V ACCIDENT - PROPERTY DAMAGE,1
720,25025070402,PROPERTY - FOUND,2
721,25025070402,PROPERTY - LOST,1
722,25025070402,PROPERTY - LOST/ MISSING,1
723,25025070402,VANDALISM,1
724,25025070402,VERBAL DISPUTE,2
725,25025070500,FRAUD - CREDIT CARD / ATM FRAUD,1
726,25025070500,FRAUD - FALSE PRETENSE / SCHEME,1
727,25025070500,LARCENY THEFT FROM BUILDING,1
728,25025070500,PROPERTY - FOUND,2
729,25025070500,PROPERTY - MISSING,1
730,25025070500,SICK/INJURED/MEDICAL - PERSON,1
731,25025070500,TOWED MOTOR VEHICLE,1
732,25025070500,VANDALISM,1
733,25025070600,DRUGS - POSS CLASS D,1
734,25025070600,INVESTIGATE PERSON,1
735,25025070600,INVESTIGATE PROPERTY,1
736,25025070600,LARCENY ALL OTHERS,1
737,25025070600,LARCENY THEFT FROM MV - NON-ACCESSORY,2
738,25025070600,M/V ACCIDENT - INVOLVING PEDESTRIAN - INJURY,1
739,25025070600,M/V ACCIDENT - PROPERTY ¬†DAMAGE,2
740,25025070600,SICK/INJURED/MEDICAL - PERSON,1
741,25025070600,THREATS TO DO BODILY HARM,1
742,25025070600,TOWED MOTOR VEHICLE,4
743,25025070700,M/V - LEAVING SCENE - PROPERTY DAMAGE,1
744,25025070700,TOWED MOTOR VEHICLE,3
745,25025070800,FORGERY / COUNTERFEITING,1
746,25025070800,INVESTIGATE PERSON,1
747,25025070800,LARCENY THEFT FROM BUILDING,1
748,25025070800,SICK ASSIST,1
749,25025070800,SICK/INJURED/MEDICAL - PERSON,1
750,25025070900,ASSAULT SIMPLE - BATTERY,1
751,25025070900,"DRUGS - POSS CLASS B - COCAINE, ETC.",1
752,25025070900,FRAUD - CREDIT CARD / ATM FRAUD,2
753,25025070900,FRAUD - FALSE PRETENSE / SCHEME,3
754,25025070900,INVESTIGATE PERSON,2
755,25025070900,M/V - LEAVING SCENE - PROPERTY DAMAGE,1
756,25025070900,M/V ACCIDENT - OTHER,1
757,25025070900,PROPERTY - LOST,1
758,25025070900,PROPERTY - MISSING,1
759,25025070900,SERVICE TO OTHER AGENCY,1
760,25025070900,SICK/INJURED/MEDICAL - PERSON,2
761,25025070900,THREATS TO DO BODILY HARM,1
762,25025070900,TOWED MOTOR VEHICLE,3
763,25025070900,VAL - OPERATING WITHOUT LICENSE,1
764,25025070900,VAL - VIOLATION OF AUTO LAW - OTHER,1
765,25025070900,VIOL. OF RESTRAINING ORDER W ARREST,1
766,25025070900,WARRANT ARREST,1
767,25025071101,ASSAULT - AGGRAVATED,2
768,25025071101,ASSAULT - AGGRAVATED - BATTERY,2
769,25025071101,ASSAULT - SIMPLE,1
770,25025071101,ASSAULT SIMPLE - BATTERY,4
771,25025071101,BOMB THREAT,1
772,25025071101,DEATH INVESTIGATION,1
773,25025071101,DISORDERLY CONDUCT,1
774,25025071101,"DRUGS - POSS CLASS A - HEROIN, ETC. ",2
775,25025071101,"DRUGS - POSS CLASS B - COCAINE, ETC.",1
776,25025071101,DRUGS - POSS CLASS B - INTENT TO MFR DIST DISP,1
777,25025071101,DRUGS - POSSESSION/ SALE/ MANUFACTURING/ USE,2
778,25025071101,FORGERY / COUNTERFEITING,1
779,25025071101,FRAUD - FALSE PRETENSE / SCHEME,1
780,25025071101,FUGITIVE FROM JUSTICE,1
781,25025071101,INVESTIGATE PERSON,4
782,25025071101,LARCENY THEFT FROM BUILDING,1
783,25025071101,M/V - LEAVING SCENE - PROPERTY DAMAGE,2
784,25025071101,M/V ACCIDENT - POLICE VEHICLE,1
785,25025071101,PROPERTY - MISSING,2
786,25025071101,SERVICE TO OTHER PD INSIDE OF MA.,1
787,25025071101,SICK ASSIST,1
788,25025071101,SICK/INJURED/MEDICAL - PERSON,3
789,25025071101,SUDDEN DEATH,1
790,25025071101,THREATS TO DO BODILY HARM,1
791,25025071101,TRESPASSING,2
792,25025071101,VAL - OPERATING UNREG/UNINS ¬†CAR,1
793,25025071101,VAL - VIOLATION OF AUTO LAW - OTHER,1
794,25025071101,VANDALISM,1
795,25025071101,VERBAL DISPUTE,2
796,25025071101,WARRANT ARREST,3
797,25025071101,"WEAPON - FIREARM - CARRYING / POSSESSING, ETC",1
798,25025071201,ANIMAL CONTROL - DOG BITES - ETC.,1
799,25025071201,ASSAULT - AGGRAVATED,2
800,25025071201,ASSAULT - SIMPLE,7
801,25025071201,AUTO THEFT,2
802,25025071201,AUTO THEFT - LEASED/RENTED VEHICLE,1
803,25025071201,AUTO THEFT - MOTORCYCLE / SCOOTER,1
804,25025071201,BURGLARY - RESIDENTIAL,4
805,25025071201,BURGLARY - RESIDENTIAL - NO FORCE,1
806,25025071201,CHILD ABANDONMENT (NO ASSAULT),1
807,25025071201,DEATH INVESTIGATION,1
808,25025071201,DRUGS - POSS CLASS B - INTENT TO MFR DIST DISP,3
809,25025071201,DRUGS - POSSESSION/ SALE/ MANUFACTURING/ USE,2
810,25025071201,EXTORTION OR BLACKMAIL,1
811,25025071201,FIREARM/WEAPON - FOUND OR CONFISCATED,1
812,25025071201,FORGERY / COUNTERFEITING,2
813,25025071201,FRAUD - CREDIT CARD / ATM FRAUD,6
814,25025071201,FRAUD - FALSE PRETENSE / SCHEME,12
815,25025071201,FRAUD - IMPERSONATION,4
816,25025071201,FRAUD - WIRE,1
817,25025071201,HARASSMENT,1
818,25025071201,HARASSMENT/ CRIMINAL HARASSMENT,8
819,25025071201,INVESTIGATE PERSON,9
820,25025071201,LARCENY ALL OTHERS,8
821,25025071201,LARCENY PICK-POCKET,1
822,25025071201,LARCENY SHOPLIFTING,2
823,25025071201,LARCENY THEFT FROM BUILDING,20
824,25025071201,LARCENY THEFT FROM MV - NON-ACCESSORY,5
825,25025071201,LARCENY THEFT OF BICYCLE,5
826,25025071201,M/V - LEAVING SCENE - PERSONAL INJURY,1
827,25025071201,M/V - LEAVING SCENE - PROPERTY DAMAGE,13
828,25025071201,M/V ACCIDENT - INVOLVING BICYCLE - INJURY,1
829,25025071201,M/V ACCIDENT - INVOLVING PEDESTRIAN - NO INJURY,1
830,25025071201,M/V ACCIDENT - OTHER,2
831,25025071201,M/V ACCIDENT - OTHER CITY VEHICLE,1
832,25025071201,M/V ACCIDENT - POLICE VEHICLE,1
833,25025071201,MISSING PERSON,1
834,25025071201,MISSING PERSON - LOCATED,1
835,25025071201,MISSING PERSON - NOT REPORTED - LOCATED,1
836,25025071201,OTHER OFFENSE,1
837,25025071201,PROPERTY - ACCIDENTAL DAMAGE,1
838,25025071201,PROPERTY - FOUND,2
839,25025071201,PROPERTY - LOST,3
840,25025071201,PROPERTY - LOST/ MISSING,14
841,25025071201,ROBBERY,1
842,25025071201,SEARCH WARRANT,1
843,25025071201,SERVICE TO OTHER AGENCY,1
844,25025071201,SICK ASSIST,2
845,25025071201,SICK/INJURED/MEDICAL - PERSON,8
846,25025071201,SICK/INJURED/MEDICAL - POLICE,5
847,25025071201,THREATS TO DO BODILY HARM,3
848,25025071201,TRESPASSING,1
849,25025071201,VAL - OPERATING AFTER REV/SUSP.,1
850,25025071201,VANDALISM,7
851,25025071201,VERBAL DISPUTE,1
852,25025071201,VIOLATION - RESTRAINING ORDER (NO ARREST),1
853,25025071201,WARRANT ARREST,2
854,25025071201,WARRANT ARREST - OUTSIDE OF BOSTON WARRANT,1
855,25025080100,ASSAULT - SIMPLE,1
856,25025080100,BURGLARY - OTHER - NO FORCE,1
857,25025080100,"DRUGS - POSS CLASS B - COCAINE, ETC.",2
858,25025080100,DRUGS - POSS CLASS E,1
859,25025080100,M/V - LEAVING SCENE - PROPERTY DAMAGE,1
860,25025080100,M/V ACCIDENT - OTHER CITY VEHICLE,1
861,25025080100,PROPERTY - LOST,1
862,25025080100,ROBBERY - STREET,1
863,25025080100,TOWED MOTOR VEHICLE,1
864,25025080100,TRESPASSING,1
865,25025080100,VANDALISM,1
866,25025080100,WARRANT ARREST,1
867,25025080300,DRUGS - SICK ASSIST - HEROIN,1
868,25025080300,M/V ACCIDENT - OTHER CITY VEHICLE,1
869,25025080300,M/V ACCIDENT - PROPERTY ¬†DAMAGE,2
870,25025080300,SERVICE TO OTHER PD INSIDE OF MA.,1
871,25025080300,VAL - OPERATING WITHOUT LICENSE,1
872,25025080401,ASSAULT - SIMPLE,1
873,25025080401,EXTORTION OR BLACKMAIL,1
874,25025080401,FRAUD - FALSE PRETENSE / SCHEME,1
875,25025080401,INVESTIGATE PERSON,1
876,25025080401,INVESTIGATE PROPERTY,1
877,25025080401,LARCENY SHOPLIFTING,1
878,25025080401,LARCENY THEFT FROM BUILDING,1
879,25025080401,LARCENY THEFT FROM MV - NON-ACCESSORY,1
880,25025080401,M/V - LEAVING SCENE - PERSONAL INJURY,1
881,25025080401,M/V - LEAVING SCENE - PROPERTY DAMAGE,1
882,25025080401,M/V ACCIDENT - PERSONAL INJURY,1
883,25025080401,M/V ACCIDENT INVOLVING PEDESTRIAN - INJURY,1
884,25025080401,RECOVERED - MV RECOVERED IN BOSTON (STOLEN OUTSIDE BOSTON),1
885,25025080401,ROBBERY,1
886,25025080401,SERVICE TO OTHER PD INSIDE OF MA.,1
887,25025080401,SICK/INJURED/MEDICAL - PERSON,1
888,25025080401,THREATS TO DO BODILY HARM,1
889,25025080401,TOWED MOTOR VEHICLE,2
890,25025080401,TRESPASSING,1
891,25025080401,VAL - VIOLATION OF AUTO LAW - OTHER,1
892,25025080401,VERBAL DISPUTE,2
893,25025080500,ASSAULT - SIMPLE,1
894,25025080500,ASSAULT SIMPLE - BATTERY,1
895,25025080500,FORGERY / COUNTERFEITING,1
896,25025080500,FRAUD - CREDIT CARD / ATM FRAUD,1
897,25025080500,INVESTIGATION FOR ANOTHER AGENCY,1
898,25025080500,LARCENY PURSE SNATCH - NO FORCE ,1
899,25025080500,LARCENY THEFT FROM BUILDING,1
900,25025080500,MISSING PERSON - LOCATED,2
901,25025080500,PROPERTY - LOST,1
902,25025080500,ROBBERY,1
903,25025080500,SERVICE TO OTHER PD INSIDE OF MA.,1
904,25025080500,THREATS TO DO BODILY HARM,1
905,25025080500,VAL - OPERATING AFTER REV/SUSP.,1
906,25025080500,VAL - VIOLATION OF AUTO LAW - OTHER,1
907,25025080500,WARRANT ARREST - BOSTON WARRANT (MUST BE SUPPLEMENTAL),1
908,25025080601,ANIMAL INCIDENTS,1
909,25025080601,ASSAULT - AGGRAVATED,2
910,25025080601,ASSAULT - SIMPLE,3
911,25025080601,ASSAULT SIMPLE - BATTERY,2
912,25025080601,BALLISTICS EVIDENCE/FOUND,3
913,25025080601,BREAKING AND ENTERING (B&E) MOTOR VEHICLE,1
914,25025080601,BURGLARY - COMMERICAL,1
915,25025080601,DRUGS - POSS CLASS A - INTENT TO MFR DIST DISP,1
916,25025080601,DRUGS - POSS CLASS B - INTENT TO MFR DIST DISP,1
917,25025080601,DRUGS - SALE / MANUFACTURING,1
918,25025080601,FIREARM/WEAPON - FOUND OR CONFISCATED,5
919,25025080601,FRAUD - CREDIT CARD / ATM FRAUD,1
920,25025080601,FRAUD - FALSE PRETENSE / SCHEME,1
921,25025080601,INVESTIGATE PERSON,3
922,25025080601,INVESTIGATE PROPERTY,7
923,25025080601,INVESTIGATION FOR ANOTHER AGENCY,5
924,25025080601,LARCENY ALL OTHERS,1
925,25025080601,LARCENY THEFT FROM BUILDING,2
926,25025080601,LARCENY THEFT FROM MV - NON-ACCESSORY,1
927,25025080601,LIQUOR - DRINKING IN PUBLIC,2
928,25025080601,LIQUOR/ALCOHOL - DRINKING IN PUBLIC,1
929,25025080601,M/V - LEAVING SCENE - PROPERTY DAMAGE,3
930,25025080601,M/V ACCIDENT - OTHER,1
931,25025080601,M/V ACCIDENT - OTHER CITY VEHICLE,2
932,25025080601,M/V ACCIDENT - PERSONAL INJURY,1
933,25025080601,M/V ACCIDENT - POLICE VEHICLE,4
934,25025080601,M/V ACCIDENT - PROPERTY ¬†DAMAGE,1
935,25025080601,M/V ACCIDENT INVOLVING PEDESTRIAN - INJURY,1
936,25025080601,MISSING PERSON - LOCATED,2
937,25025080601,"MURDER, NON-NEGLIGIENT MANSLAUGHTER",1
938,25025080601,PROPERTY - ACCIDENTAL DAMAGE,1
939,25025080601,PROPERTY - FOUND,5
940,25025080601,PROPERTY - LOST,9
941,25025080601,PROPERTY - LOST/ MISSING,2
942,25025080601,SEARCH WARRANT,2
943,25025080601,SERVICE TO OTHER AGENCY,3
944,25025080601,SERVICE TO OTHER PD INSIDE OF MA.,1
945,25025080601,SICK ASSIST,1
946,25025080601,SICK/INJURED/MEDICAL - PERSON,7
947,25025080601,SICK/INJURED/MEDICAL - POLICE,9
948,25025080601,THREATS TO DO BODILY HARM,2
949,25025080601,TOWED MOTOR VEHICLE,2
950,25025080601,VAL - OPERATING AFTER REV/SUSP.,2
951,25025080601,VAL - VIOLATION OF AUTO LAW - OTHER,1
952,25025080601,VANDALISM,1
953,25025080601,"WEAPON - FIREARM - CARRYING / POSSESSING, ETC",1
954,25025080801,ASSAULT SIMPLE - BATTERY,1
955,25025080801,BALLISTICS EVIDENCE/FOUND,1
956,25025080801,HARASSMENT/ CRIMINAL HARASSMENT,1
957,25025080801,INVESTIGATE PROPERTY,1
958,25025080801,M/V - LEAVING SCENE - PROPERTY DAMAGE,2
959,25025080900,LARCENY THEFT FROM BUILDING,1
960,25025080900,VANDALISM,1
961,25025081001,CONTRIBUTING TO DELINQUENCY OF MINOR,1
962,25025081001,FRAUD - FALSE PRETENSE / SCHEME,1
963,25025081001,INVESTIGATE PERSON,2
964,25025081001,INVESTIGATE PROPERTY,2
965,25025081001,LARCENY ALL OTHERS,2
966,25025081001,LARCENY THEFT FROM MV - NON-ACCESSORY,1
967,25025081001,M/V ACCIDENT - INVOLVING PEDESTRIAN - NO INJURY,1
968,25025081001,SICK/INJURED/MEDICAL - PERSON,3
969,25025081001,TOWED MOTOR VEHICLE,1
970,25025081001,VERBAL DISPUTE,1
971,25025081100,FRAUD - FALSE PRETENSE / SCHEME,1
972,25025081100,FRAUD - IMPERSONATION,1
973,25025081100,LARCENY ALL OTHERS,2
974,25025081100,LARCENY THEFT FROM MV - NON-ACCESSORY,2
975,25025081100,SICK/INJURED/MEDICAL - PERSON,1
976,25025081100,TOWED MOTOR VEHICLE,2
977,25025081100,VANDALISM,1
978,25025081100,VERBAL DISPUTE,1
979,25025081200,BURGLARY - RESIDENTIAL - FORCE,1
980,25025081200,"DRUGS - POSS CLASS A - HEROIN, ETC. ",1
981,25025081200,M/V - LEAVING SCENE - PROPERTY DAMAGE,1
982,25025081200,M/V ACCIDENT - PERSONAL INJURY,1
983,25025081200,TOWED MOTOR VEHICLE,3
984,25025081300,"FIRE REPORT - HOUSE, BUILDING, ETC.",1
985,25025081300,INVESTIGATE PERSON,2
986,25025081300,M/V ACCIDENT - PROPERTY DAMAGE,1
987,25025081300,SICK/INJURED/MEDICAL - PERSON,2
988,25025081300,VANDALISM,1
989,25025081300,VERBAL DISPUTE,1
990,25025081400,ASSAULT - AGGRAVATED,1
991,25025081400,DRUGS - SICK ASSIST - HEROIN,1
992,25025081400,M/V ACCIDENT - INVOLVING BICYCLE - NO INJURY,1
993,25025081400,SICK/INJURED/MEDICAL - PERSON,1
994,25025081400,VERBAL DISPUTE,1
995,25025081500,ASSAULT - AGGRAVATED,1
996,25025081500,ASSAULT SIMPLE - BATTERY,2
997,25025081500,LARCENY THEFT OF MV PARTS & ACCESSORIES,1
998,25025081500,TOWED MOTOR VEHICLE,1
999,25025081500,VANDALISM,1
1000,25025081700,DRUGS - POSSESSION/ SALE/ MANUFACTURING/ USE,1
1001,25025081700,INVESTIGATE PERSON,2
1002,25025081700,PROPERTY - LOST THEN LOCATED,1
1003,25025081700,SICK ASSIST - DRUG RELATED ILLNESS,1
1004,25025081700,THREATS TO DO BODILY HARM,1
1005,25025081700,WARRANT ARREST,1
1006,25025081800,AUTO THEFT,1
1007,25025081800,DRUGS - SICK ASSIST - HEROIN,1
1008,25025081800,INVESTIGATE PROPERTY,1
1009,25025081800,LARCENY ALL OTHERS,1
1010,25025081800,LARCENY THEFT FROM MV - NON-ACCESSORY,1
1011,25025081800,M/V - LEAVING SCENE - PROPERTY DAMAGE,1
1012,25025081800,MISSING PERSON,1
1013,25025081800,MISSING PERSON - LOCATED,1
1014,25025081800,SICK/INJURED/MEDICAL - PERSON,2
1015,25025081800,TOWED MOTOR VEHICLE,4
1016,25025081800,VAL - VIOLATION OF AUTO LAW - OTHER,1
1017,25025081900,ASSAULT - SIMPLE,1
1018,25025081900,M/V ACCIDENT - PROPERTY ¬†DAMAGE,1
1019,25025081900,SICK/INJURED/MEDICAL - PERSON,1
1020,25025081900,VANDALISM,2
1021,25025082000,BURGLARY - RESIDENTIAL - NO FORCE,1
1022,25025082000,INVESTIGATE PERSON,1
1023,25025082000,INVESTIGATE PROPERTY,1
1024,25025082000,THREATS TO DO BODILY HARM,1
1025,25025082100,DRUGS - POSS CLASS A - INTENT TO MFR DIST DISP,1
1026,25025082100,DRUGS - SALE / MANUFACTURING,1
1027,25025082100,INVESTIGATE PERSON,1
1028,25025082100,INVESTIGATE PROPERTY,1
1029,25025082100,LARCENY ALL OTHERS,1
1030,25025082100,LARCENY THEFT FROM BUILDING,1
1031,25025082100,M/V ACCIDENT - OTHER CITY VEHICLE,1
1032,25025082100,M/V ACCIDENT - PERSONAL INJURY,1
1033,25025082100,SEARCH WARRANT,1
1034,25025082100,TOWED MOTOR VEHICLE,2
1035,25025082100,VAL - OPERATING UNREG/UNINS ¬†CAR,1
1036,25025082100,VAL - VIOLATION OF AUTO LAW - OTHER,1
1037,25025082100,VANDALISM,1
1038,25025090100,BALLISTICS EVIDENCE/FOUND,1
1039,25025090100,DRUGS - CLASS A TRAFFICKING OVER 18 GRAMS,1
1040,25025090100,DRUGS - POSS CLASS A - INTENT TO MFR DIST DISP,1
1041,25025090100,"DRUGS - POSS CLASS B - COCAINE, ETC.",1
1042,25025090100,DRUGS - POSS CLASS B - INTENT TO MFR DIST DISP,1
1043,25025090100,HARASSMENT,2
1044,25025090100,INVESTIGATE PERSON,2
1045,25025090100,INVESTIGATE PROPERTY,2
1046,25025090100,LARCENY SHOPLIFTING,1
1047,25025090100,M/V - LEAVING SCENE - PERSONAL INJURY,1
1048,25025090100,M/V - LEAVING SCENE - PROPERTY DAMAGE,1
1049,25025090100,M/V ACCIDENT - PROPERTY DAMAGE,2
1050,25025090100,M/V ACCIDENT - PROPERTY ¬†DAMAGE,1
1051,25025090100,PROPERTY - LOST,1
1052,25025090100,SERVICE TO OTHER PD INSIDE OF MA.,1
1053,25025090100,SICK/INJURED/MEDICAL - PERSON,1
1054,25025090100,THREATS TO DO BODILY HARM,1
1055,25025090100,TOWED MOTOR VEHICLE,1
1056,25025090100,VAL - OPERATING AFTER REV/SUSP.,2
1057,25025090100,VANDALISM,1
1058,25025090100,VERBAL DISPUTE,4
1059,25025090100,WARRANT ARREST,1
1060,25025090200,ASSAULT - AGGRAVATED - BATTERY,1
1061,25025090200,ASSAULT - SIMPLE,2
1062,25025090200,ASSAULT SIMPLE - BATTERY,1
1063,25025090200,INVESTIGATE PERSON,2
1064,25025090200,INVESTIGATE PROPERTY,1
1065,25025090200,LARCENY SHOPLIFTING,2
1066,25025090200,M/V - LEAVING SCENE - PROPERTY DAMAGE,1
1067,25025090200,M/V ACCIDENT - OTHER CITY VEHICLE,1
1068,25025090200,PROPERTY - LOST,2
1069,25025090200,TOWED MOTOR VEHICLE,1
1070,25025090200,VANDALISM,1
1071,25025090300,ASSAULT SIMPLE - BATTERY,1
1072,25025090300,INVESTIGATE PERSON,1
1073,25025090300,M/V - LEAVING SCENE - PROPERTY DAMAGE,1
1074,25025090300,M/V ACCIDENT - PROPERTY ¬†DAMAGE,1
1075,25025090300,PROPERTY - LOST,1
1076,25025090300,SICK/INJURED/MEDICAL - PERSON,1
1077,25025090300,TOWED MOTOR VEHICLE,1
1078,25025090400,TOWED MOTOR VEHICLE,1
1079,25025090400,VERBAL DISPUTE,1
1080,25025090600,DEATH INVESTIGATION,1
1081,25025090600,HARASSMENT,1
1082,25025090600,INVESTIGATE PERSON,1
1083,25025090600,LIQUOR - DRINKING IN PUBLIC,1
1084,25025090600,M/V ACCIDENT - PERSONAL INJURY,1
1085,25025090600,THREATS TO DO BODILY HARM,1
1086,25025090600,VERBAL DISPUTE,1
1087,25025090700,BURGLARY - RESIDENTIAL - NO FORCE,1
1088,25025090700,INVESTIGATE PERSON,2
1089,25025090700,INVESTIGATE PROPERTY,1
1090,25025090700,M/V - LEAVING SCENE - PROPERTY DAMAGE,1
1091,25025090700,M/V ACCIDENT - PERSONAL INJURY,1
1092,25025090700,MISSING PERSON,1
1093,25025090700,MISSING PERSON - LOCATED,1
1094,25025090700,TOWED MOTOR VEHICLE,1
1095,25025091001,CHILD ENDANGERMENT (NO ASSAULT),1
1096,25025091001,INVESTIGATE PERSON,1
1097,25025091001,INVESTIGATE PROPERTY,1
1098,25025091001,M/V - LEAVING SCENE - PROPERTY DAMAGE,1
1099,25025091001,M/V ACCIDENT - PERSONAL INJURY,1
1100,25025091001,M/V ACCIDENT - PROPERTY DAMAGE,1
1101,25025091001,PROPERTY - ACCIDENTAL DAMAGE,1
1102,25025091001,TOWED MOTOR VEHICLE,2
1103,25025091001,VAL - OPERATING WITHOUT LICENSE,1
1104,25025091001,VERBAL DISPUTE,1
1105,25025091100,LARCENY SHOPLIFTING,1
1106,25025091100,LARCENY THEFT FROM BUILDING,1
1107,25025091100,M/V ACCIDENT - PERSONAL INJURY,1
1108,25025091200,ASSAULT - AGGRAVATED,1
1109,25025091200,"DRUGS - POSS CLASS A - HEROIN, ETC. ",1
1110,25025091200,DRUGS - POSS CLASS A - INTENT TO MFR DIST DISP,2
1111,25025091200,DRUGS - POSS CLASS B - INTENT TO MFR DIST DISP,1
1112,25025091200,FRAUD - IMPERSONATION,1
1113,25025091200,INVESTIGATE PERSON,1
1114,25025091200,LARCENY THEFT FROM BUILDING,1
1115,25025091200,M/V ACCIDENT - OTHER CITY VEHICLE,1
1116,25025091200,SICK ASSIST,1
1117,25025091200,SICK/INJURED/MEDICAL - PERSON,1
1118,25025091200,SICK/INJURED/MEDICAL - POLICE,1
1119,25025091200,TRESPASSING,1
1120,25025091200,VAL - OPERATING AFTER REV/SUSP.,1
1121,25025091200,VAL - OPERATING UNREG/UNINS ¬†CAR,1
1122,25025091300,ASSAULT - AGGRAVATED,1
1123,25025091300,FRAUD - FALSE PRETENSE / SCHEME,1
1124,25025091300,PROPERTY - LOST,1
1125,25025091300,SICK/INJURED/MEDICAL - PERSON,1
1126,25025091300,THREATS TO DO BODILY HARM,1
1127,25025091300,VERBAL DISPUTE,2
1128,25025091400,DEATH INVESTIGATION,1
1129,25025091400,"FIRE REPORT - HOUSE, BUILDING, ETC.",1
1130,25025091400,LARCENY THEFT OF BICYCLE,1
1131,25025091400,WARRANT ARREST,1
1132,25025091500,DRUGS - POSS CLASS B - INTENT TO MFR DIST DISP,1
1133,25025091500,DRUGS - POSSESSION/ SALE/ MANUFACTURING/ USE,1
1134,25025091500,INVESTIGATE PERSON,1
1135,25025091500,INVESTIGATE PROPERTY,1
1136,25025091500,LARCENY THEFT FROM BUILDING,1
1137,25025091500,M/V - LEAVING SCENE - PROPERTY DAMAGE,1
1138,25025091500,M/V ACCIDENT - PERSONAL INJURY,1
1139,25025091500,SICK ASSIST,1
1140,25025091500,SICK/INJURED/MEDICAL - PERSON,1
1141,25025091500,THREATS TO DO BODILY HARM,1
1142,25025091500,TOWED MOTOR VEHICLE,4
1143,25025091500,VAL - OPERATING WITHOUT LICENSE,1
1144,25025091500,VAL - VIOLATION OF AUTO LAW - OTHER,1
1145,25025091500,VERBAL DISPUTE,6
1146,25025091600,ASSAULT - AGGRAVATED,1
1147,25025091600,ASSAULT SIMPLE - BATTERY,1
1148,25025091600,"DRUGS - POSS CLASS B - COCAINE, ETC.",1
1149,25025091600,FRAUD - CREDIT CARD / ATM FRAUD,1
1150,25025091600,INVESTIGATE PERSON,6
1151,25025091600,LARCENY SHOPLIFTING,1
1152,25025091600,M/V - LEAVING SCENE - PROPERTY DAMAGE,1
1153,25025091600,PROPERTY - LOST,1
1154,25025091600,SERVICE TO OTHER PD INSIDE OF MA.,1
1155,25025091600,SICK ASSIST,1
1156,25025091600,SICK/INJURED/MEDICAL - PERSON,3
1157,25025091600,THREATS TO DO BODILY HARM,1
1158,25025091600,TOWED MOTOR VEHICLE,2
1159,25025091600,VERBAL DISPUTE,3
1160,25025091700,BURGLARY - COMMERICAL - FORCE,1
1161,25025091700,BURGLARY - OTHER - FORCE,1
1162,25025091700,PROPERTY - LOST,1
1163,25025091700,SICK/INJURED/MEDICAL - PERSON,2
1164,25025091800,INVESTIGATE PERSON,1
1165,25025091800,MISSING PERSON - LOCATED,1
1166,25025091800,TOWED MOTOR VEHICLE,1
1167,25025091800,TRESPASSING,1
1168,25025091900,PROPERTY - FOUND,1
1169,25025091900,TOWED MOTOR VEHICLE,1
1170,25025092000,PROPERTY - LOST THEN LOCATED,1
1171,25025092000,TOWED MOTOR VEHICLE,1
1172,25025092000,VERBAL DISPUTE,2
1173,25025092000,VIOL. OF RESTRAINING ORDER W NO ARREST,1
1174,25025092101,ASSAULT SIMPLE - BATTERY,2
1175,25025092101,AUTO THEFT,1
1176,25025092101,DRUGS - POSSESSION/ SALE/ MANUFACTURING/ USE,1
1177,25025092101,FRAUD - IMPERSONATION,1
1178,25025092101,HARASSMENT,2
1179,25025092101,INVESTIGATE PERSON,6
1180,25025092101,M/V - LEAVING SCENE - PROPERTY DAMAGE,1
1181,25025092101,M/V ACCIDENT - PROPERTY ¬†DAMAGE,3
1182,25025092101,MISSING PERSON,1
1183,25025092101,PROPERTY - LOST/ MISSING,1
1184,25025092101,SERVICE TO OTHER PD INSIDE OF MA.,1
1185,25025092101,SICK/INJURED/MEDICAL - PERSON,2
1186,25025092101,THREATS TO DO BODILY HARM,1
1187,25025092101,TOWED MOTOR VEHICLE,5
1188,25025092101,VAL - OPERATING WITHOUT LICENSE,1
1189,25025092101,VAL - VIOLATION OF AUTO LAW - OTHER,1
1190,25025092101,VANDALISM,2
1191,25025092101,VERBAL DISPUTE,1
1192,25025092200,ASSAULT SIMPLE - BATTERY,1
1193,25025092200,INVESTIGATE PERSON,1
1194,25025092200,LARCENY THEFT FROM MV - NON-ACCESSORY,1
1195,25025092200,M/V - LEAVING SCENE - PROPERTY DAMAGE,1
1196,25025092200,PROPERTY - LOST/ MISSING,1
1197,25025092200,THREATS TO DO BODILY HARM,1
1198,25025092200,TOWED MOTOR VEHICLE,1
1199,25025092200,VANDALISM,2
1200,25025092200,VERBAL DISPUTE,1
1201,25025092200,VIOL. OF RESTRAINING ORDER W NO ARREST,1
1202,25025092300,ASSAULT - AGGRAVATED,2
1203,25025092300,BALLISTICS EVIDENCE/FOUND,1
1204,25025092300,FORGERY / COUNTERFEITING,1
1205,25025092300,FRAUD - CREDIT CARD / ATM FRAUD,1
1206,25025092300,INVESTIGATE PERSON,2
1207,25025092300,INVESTIGATE PROPERTY,1
1208,25025092300,LARCENY ALL OTHERS,1
1209,25025092300,LARCENY SHOPLIFTING,7
1210,25025092300,M/V - LEAVING SCENE - PROPERTY DAMAGE,1
1211,25025092300,M/V ACCIDENT - PERSONAL INJURY,1
1212,25025092300,SICK ASSIST,2
1213,25025092300,SICK/INJURED/MEDICAL - PERSON,1
1214,25025092300,WARRANT ARREST,1
1215,25025092400,INVESTIGATE PERSON,3
1216,25025092400,INVESTIGATE PROPERTY,1
1217,25025092400,M/V ACCIDENT - OTHER,1
1218,25025092400,SEARCH WARRANT,2
1219,25025092400,TOWED MOTOR VEHICLE,1
1220,25025092400,VANDALISM,1
1221,25025100100,ASSAULT - SIMPLE,5
1222,25025100100,AUTO THEFT,1
1223,25025100100,AUTO THEFT - MOTORCYCLE / SCOOTER,1
1224,25025100100,DRUGS - POSSESSION/ SALE/ MANUFACTURING/ USE,1
1225,25025100100,FRAUD - FALSE PRETENSE / SCHEME,2
1226,25025100100,HARASSMENT/ CRIMINAL HARASSMENT,4
1227,25025100100,INVESTIGATE PERSON,2
1228,25025100100,LARCENY THEFT FROM BUILDING,1
1229,25025100100,LARCENY THEFT OF MV PARTS & ACCESSORIES,1
1230,25025100100,LIQUOR - DRINKING IN PUBLIC,1
1231,25025100100,M/V - LEAVING SCENE - PROPERTY DAMAGE,5
1232,25025100100,MISSING PERSON - LOCATED,1
1233,25025100100,PROPERTY - FOUND,1
1234,25025100100,PROPERTY - LOST/ MISSING,5
1235,25025100100,SEARCH WARRANT,1
1236,25025100100,SICK/INJURED/MEDICAL - PERSON,1
1237,25025100100,SICK/INJURED/MEDICAL - POLICE,1
1238,25025100100,THREATS TO DO BODILY HARM,4
1239,25025100100,TOWED MOTOR VEHICLE,1
1240,25025100100,VERBAL DISPUTE,2
1241,25025100100,WARRANT ARREST - BOSTON WARRANT (MUST BE SUPPLEMENTAL),1
1242,25025100200,BURGLARY - RESIDENTIAL - FORCE,1
1243,25025100200,"FIRE REPORT - HOUSE, BUILDING, ETC.",1
1244,25025100200,HARASSMENT,1
1245,25025100200,M/V - LEAVING SCENE - PROPERTY DAMAGE,1
1246,25025100200,VERBAL DISPUTE,1
1247,25025100300,SICK/INJURED/MEDICAL - PERSON,1
1248,25025100300,VAL - VIOLATION OF AUTO LAW,1
1249,25025100300,VANDALISM,1
1250,25025100400,ASSAULT SIMPLE - BATTERY,1
1251,25025100400,AUTO THEFT,1
1252,25025100400,BURGLARY - OTHER - ATTEMPT,1
1253,25025100400,FORGERY / COUNTERFEITING,1
1254,25025100400,LARCENY ALL OTHERS,1
1255,25025100400,M/V - LEAVING SCENE - PROPERTY DAMAGE,1
1256,25025100400,PROPERTY - LOST,1
1257,25025100400,TOWED MOTOR VEHICLE,1
1258,25025100400,TRESPASSING,1
1259,25025100400,"WEAPON - FIREARM - CARRYING / POSSESSING, ETC",1
1260,25025100500,ASSAULT - AGGRAVATED,1
1261,25025100500,DRUGS - POSSESSION/ SALE/ MANUFACTURING/ USE,1
1262,25025100500,INVESTIGATE PERSON,2
1263,25025100500,LARCENY THEFT FROM MV - NON-ACCESSORY,1
1264,25025100500,M/V - LEAVING SCENE - PROPERTY DAMAGE,2
1265,25025100500,M/V ACCIDENT - PERSONAL INJURY,1
1266,25025100500,SICK ASSIST,1
1267,25025100500,SICK/INJURED/MEDICAL - PERSON,1
1268,25025100500,TOWED MOTOR VEHICLE,2
1269,25025100500,VERBAL DISPUTE,2
1270,25025100601,M/V - LEAVING SCENE - PROPERTY DAMAGE,1
1271,25025100601,TOWED MOTOR VEHICLE,1
1272,25025100603,SUDDEN DEATH,1
1273,25025100700,RECOVERED - MV RECOVERED IN BOSTON (STOLEN OUTSIDE BOSTON),1
1274,25025100800,AUTO THEFT,1
1275,25025100800,HARASSMENT,1
1276,25025100800,M/V - LEAVING SCENE - PROPERTY DAMAGE,1
1277,25025100800,TOWED MOTOR VEHICLE,1
1278,25025100900,ASSAULT SIMPLE - BATTERY,1
1279,25025100900,AUTO THEFT,1
1280,25025100900,BALLISTICS EVIDENCE/FOUND,1
1281,25025100900,BURGLARY - RESIDENTIAL - ATTEMPT,1
1282,25025100900,"FIRE REPORT - HOUSE, BUILDING, ETC.",1
1283,25025100900,FIREARM/WEAPON - FOUND OR CONFISCATED,1
1284,25025100900,FRAUD - CREDIT CARD / ATM FRAUD,1
1285,25025100900,LANDLORD - TENANT SERVICE,3
1286,25025100900,LARCENY SHOPLIFTING,1
1287,25025100900,LARCENY THEFT FROM MV - NON-ACCESSORY,1
1288,25025100900,M/V - LEAVING SCENE - PROPERTY DAMAGE,3
1289,25025100900,MISSING PERSON,1
1290,25025100900,PROPERTY - LOST,1
1291,25025100900,REPORT AFFECTING OTHER DEPTS.,1
1292,25025101001,ASSAULT - SIMPLE,2
1293,25025101001,DEATH INVESTIGATION,1
1294,25025101001,DRUGS - POSS CLASS B - INTENT TO MFR DIST DISP,1
1295,25025101001,LARCENY SHOPLIFTING,2
1296,25025101001,LARCENY THEFT FROM BUILDING,1
1297,25025101001,LIQUOR/ALCOHOL - DRINKING IN PUBLIC,1
1298,25025101001,M/V - LEAVING SCENE - PROPERTY DAMAGE,3
1299,25025101001,PROPERTY - LOST,1
1300,25025101001,TOWED MOTOR VEHICLE,1
1301,25025101001,VANDALISM,1
1302,25025101002,SERVICE TO OTHER PD INSIDE OF MA.,1
1303,25025101002,THREATS TO DO BODILY HARM,1
1304,25025101101,SICK/INJURED/MEDICAL - PERSON,1
1305,25025101101,VERBAL DISPUTE,1
1306,25025101102,ASSAULT SIMPLE - BATTERY,2
1307,25025101102,INTIMIDATING WITNESS,1
1308,25025101102,LARCENY ALL OTHERS,1
1309,25025101102,PROPERTY - LOST,1
1310,25025101102,ROBBERY - STREET,1
1311,25025101102,SICK/INJURED/MEDICAL - PERSON,3
1312,25025101102,VANDALISM,1
1313,25025101102,VIOLATION - RESTRAINING ORDER (NO ARREST),1
1314,25025101102,WARRANT ARREST,1
1315,25025110103,DRUGS - CLASS A TRAFFICKING OVER 18 GRAMS,1
1316,25025110103,DRUGS - POSS CLASS A - INTENT TO MFR DIST DISP,1
1317,25025110103,INVESTIGATE PERSON,1
1318,25025110103,M/V - LEAVING SCENE - PROPERTY DAMAGE,1
1319,25025110103,ROBBERY - OTHER,1
1320,25025110103,TOWED MOTOR VEHICLE,1
1321,25025110201,HARASSMENT,1
1322,25025110201,LARCENY ALL OTHERS,1
1323,25025110201,SICK/INJURED/MEDICAL - PERSON,1
1324,25025110201,WEAPON - OTHER - OTHER VIOLATION,1
1325,25025110401,INVESTIGATE PERSON,1
1326,25025110401,PROPERTY - LOST/ MISSING,2
1327,25025110401,THREATS TO DO BODILY HARM,1
1328,25025110401,TOWED MOTOR VEHICLE,2
1329,25025110403,M/V - LEAVING SCENE - PROPERTY DAMAGE,1
1330,25025110403,SICK/INJURED/MEDICAL - PERSON,1
1331,25025110502,SICK/INJURED/MEDICAL - PERSON,1
1332,25025110502,THREATS TO DO BODILY HARM,1
1333,25025110502,VANDALISM,1
1334,25025110607,VERBAL DISPUTE,1
1335,25025120104,CRIMINAL HARASSMENT,1
1336,25025120104,INVESTIGATE PERSON,1
1337,25025120201,"ANIMAL INCIDENTS (DOG BITES, LOST DOG, ETC)",1
1338,25025120201,ARSON,1
1339,25025120201,ASSAULT SIMPLE - BATTERY,1
1340,25025120201,M/V ACCIDENT - PROPERTY ¬†DAMAGE,1
1341,25025120201,M/V ACCIDENT INVOLVING PEDESTRIAN - INJURY,1
1342,25025120201,SICK/INJURED/MEDICAL - PERSON,1
1343,25025120201,TOWED MOTOR VEHICLE,3
1344,25025120201,VAL - OPERATING AFTER REV/SUSP.,1
1345,25025120301,ASSAULT - SIMPLE,1
1346,25025120301,BURGLARY - COMMERICAL,1
1347,25025120301,FRAUD - FALSE PRETENSE / SCHEME,1
1348,25025120301,INVESTIGATE PROPERTY,1
1349,25025120301,LARCENY ALL OTHERS,1
1350,25025120301,M/V - LEAVING SCENE - PROPERTY DAMAGE,1
1351,25025120301,PROPERTY - LOST/ MISSING,2
1352,25025120301,SICK ASSIST,1
1353,25025120301,TOWED MOTOR VEHICLE,2
1354,25025120301,VAL - OPERATING WITHOUT LICENSE,1
1355,25025120301,VANDALISM,2
1356,25025120301,WARRANT ARREST - BOSTON WARRANT (MUST BE SUPPLEMENTAL),1
1357,25025120400,ASSAULT - AGGRAVATED,1
1358,25025120400,FORGERY / COUNTERFEITING,1
1359,25025120400,PROPERTY - FOUND,1
1360,25025120500,EXTORTION OR BLACKMAIL,1
1361,25025120500,INVESTIGATE PROPERTY,1
1362,25025120500,M/V ACCIDENT - PERSONAL INJURY,1
1363,25025120500,THREATS TO DO BODILY HARM,1
1364,25025120500,TOWED MOTOR VEHICLE,3
1365,25025120500,TRESPASSING,1
1366,25025120500,WARRANT ARREST,1
1367,25025130200,FRAUD - FALSE PRETENSE / SCHEME,1
1368,25025130200,INVESTIGATE PERSON,1
1369,25025130200,M/V ACCIDENT - PERSONAL INJURY,1
1370,25025130200,SICK/INJURED/MEDICAL - PERSON,1
1371,25025130200,VAL - OPERATING UNREG/UNINS ¬†CAR,1
1372,25025130200,VERBAL DISPUTE,1
1373,25025130300,BURGLARY - RESIDENTIAL - NO FORCE,1
1374,25025130300,"DRUGS - POSS CLASS A - HEROIN, ETC. ",1
1375,25025130300,DRUGS - POSSESSION OF DRUG PARAPHANALIA,1
1376,25025130300,INVESTIGATE PERSON,1
1377,25025130300,VAL - VIOLATION OF AUTO LAW - OTHER,1
1378,25025130300,VIOL. OF RESTRAINING ORDER W ARREST,1
1379,25025130402,ASSAULT - SIMPLE,1
1380,25025130402,DRUGS - SICK ASSIST - HEROIN,1
1381,25025130402,FORGERY / COUNTERFEITING,1
1382,25025130402,FRAUD - FALSE PRETENSE / SCHEME,1
1383,25025130402,INVESTIGATE PERSON,4
1384,25025130402,LARCENY ALL OTHERS,1
1385,25025130402,M/V - LEAVING SCENE - PROPERTY DAMAGE,3
1386,25025130402,SICK ASSIST,1
1387,25025130402,THREATS TO DO BODILY HARM,1
1388,25025130402,TOWED MOTOR VEHICLE,1
1389,25025140102,ASSAULT SIMPLE - BATTERY,1
1390,25025140102,INVESTIGATE PERSON,1
1391,25025140102,TOWED MOTOR VEHICLE,1
1392,25025140105,SICK/INJURED/MEDICAL - PERSON,1
1393,25025140105,TOWED MOTOR VEHICLE,1
1394,25025140106,VERBAL DISPUTE,1
1395,25025140107,INVESTIGATE PERSON,1
1396,25025140201,M/V ACCIDENT - OTHER,1
1397,25025140201,SICK/INJURED/MEDICAL - PERSON,1
1398,25025140202,ASSAULT SIMPLE - BATTERY,1
1399,25025140202,VERBAL DISPUTE,1
1400,25025140300,ASSAULT SIMPLE - BATTERY,1
1401,25025140300,DISTURBING THE PEACE/ DISORDERLY CONDUCT/ GATHERING CAUSING ANNOYANCE/ NOISY PAR,1
1402,25025140300,FIREARM/WEAPON - FOUND OR CONFISCATED,2
1403,25025140300,FRAUD - FALSE PRETENSE / SCHEME,3
1404,25025140300,FRAUD - WIRE,1
1405,25025140300,INVESTIGATE PERSON,3
1406,25025140300,INVESTIGATE PROPERTY,14
1407,25025140300,LARCENY SHOPLIFTING,2
1408,25025140300,LARCENY THEFT FROM BUILDING,1
1409,25025140300,LICENSE PREMISE VIOLATION,1
1410,25025140300,M/V - LEAVING SCENE - PROPERTY DAMAGE,1
1411,25025140300,M/V ACCIDENT - POLICE VEHICLE,1
1412,25025140300,M/V ACCIDENT - PROPERTY ¬†DAMAGE,1
1413,25025140300,MISSING PERSON - LOCATED,1
1414,25025140300,PROPERTY - FOUND,6
1415,25025140300,PROPERTY - LOST,1
1416,25025140300,PROPERTY - LOST/ MISSING,1
1417,25025140300,ROBBERY - COMMERCIAL,1
1418,25025140300,SEARCH WARRANT,1
1419,25025140300,SICK/INJURED/MEDICAL - PERSON,1
1420,25025140300,SICK/INJURED/MEDICAL - POLICE,2
1421,25025140300,THREATS TO DO BODILY HARM,2
1422,25025140300,TOWED MOTOR VEHICLE,2
1423,25025140300,VAL - OPERATING WITHOUT LICENSE,1
1424,25025140300,VAL - VIOLATION OF AUTO LAW - OTHER,1
1425,25025140300,VANDALISM,1
1426,25025140300,VERBAL DISPUTE,1
1427,25025140400,AUTO THEFT - MOTORCYCLE / SCOOTER,1
1428,25025140400,HARASSMENT,1
1429,25025140400,LARCENY SHOPLIFTING,1
1430,25025140400,LARCENY THEFT FROM BUILDING,1
1431,25025140400,M/V ACCIDENT - OTHER,1
1432,25025140400,PROPERTY - LOST,1
1433,25025140400,SEARCH WARRANT,1
1434,25025140400,SICK/INJURED/MEDICAL - PERSON,1
1435,25025140400,TOWED MOTOR VEHICLE,2
1436,25025140400,VANDALISM,1
1437,25025981000,SICK/INJURED/MEDICAL - PERSON,1
1438,25025981000,VANDALISM,1
1439,25025981202,ANIMAL CONTROL - DOG BITES - ETC.,1
1440,25025981202,AUTO THEFT - LEASED/RENTED VEHICLE,1
1441,25025981202,M/V - LEAVING SCENE - PROPERTY DAMAGE,1
1442,25025981300,INVESTIGATE PROPERTY,1
1443,25025981700,M/V - LEAVING SCENE - PROPERTY DAMAGE,1
1444,25025981700,WARRANT ARREST - OUTSIDE OF BOSTON WARRANT,1
1445,25025981800,SICK/INJURED/MEDICAL - PERSON,1